{
  "project_info": {
    "project_number": "878190562717",
    "firebase_url": "https://consume-8d9f1.firebaseio.com",
    "project_id": "consume-8d9f1",
    "storage_bucket": "consume-8d9f1.appspot.com"
  },
  "client": [
    {
      "client_info": {
        "mobilesdk_app_id": "1:878190562717:android:7d0206681954a44ad3b374",
        "android_client_info": {
          "package_name": "thechickencoop.butler"
        }
      },
      "oauth_client": [
        {
          "client_id": "878190562717-udcqrp1p96980gei1duekkpo4nh1tkkj.apps.googleusercontent.com",
          "client_type": 1,
          "android_info": {
            "package_name": "thechickencoop.butler",
            "certificate_hash": "d21230b847534cc5da35b7c9c023d54c3d8dacd0"
          }
        },
        {
          "client_id": "878190562717-vrndh482fmndfk49oll2qe6g2rvboojm.apps.googleusercontent.com",
          "client_type": 3
        }
      ],
      "api_key": [
        {
          "current_key": "AIzaSyBdr_HQd2BmHXHlXlIu5DA_wuhoe1_KbsA"
        }
      ],
      "services": {
        "appinvite_service": {
          "other_platform_oauth_client": [
            {
              "client_id": "878190562717-vrndh482fmndfk49oll2qe6g2rvboojm.apps.googleusercontent.com",
              "client_type": 3
            }
          ]
        }
      }
    }
  ],
  "configuration_version": "1"
}